[
    {
        "dirpath": "/uvod-do-programovani-2/datum/excs",
        "filename": "doprava-vecere.md"
    },
    {
        "dirpath": "/uvod-do-programovani-2/datum/excs",
        "filename": "cas-od-startu.md"
    },
    {
        "dirpath": "/uvod-do-programovani-2/datum/excs",
        "filename": "prevod-casu.md"
    },
    {
        "dirpath": "/uvod-do-programovani-2/balicky-z-internetu/excs",
        "filename": "ceska-jmena.md"
    },
    {
        "dirpath": "/uvod-do-programovani-2/balicky-z-internetu/excs",
        "filename": "humanize.md"
    },
    {
        "dirpath": "/uvod-do-programovani-2/soubory/excs",
        "filename": "vytvoreni-souboru.md"
    },
    {
        "dirpath": "/uvod-do-programovani-2/soubory/excs",
        "filename": "rozepsana-vyplata.md"
    },
    {
        "dirpath": "/uvod-do-programovani-2/soubory/excs",
        "filename": "dny-v-mesici.md"
    },
    {
        "dirpath": "/uvod-do-programovani-2/soubory/excs",
        "filename": "karty-1.md"
    },
    {
        "dirpath": "/uvod-do-programovani-2/soubory/excs/pasazeri",
        "filename": "exercise.md"
    },
    {
        "dirpath": "/uvod-do-programovani-2/soubory/excs/vyplata-presneji",
        "filename": "exercise.md"
    },
    {
        "dirpath": "/uvod-do-programovani-2/soubory/excs/pujcovna",
        "filename": "exercise.md"
    },
    {
        "dirpath": "/uvod-do-programovani-2/soubory/excs/pocet-slov",
        "filename": "exercise.md"
    },
    {
        "dirpath": "/uvod-do-programovani-2/json/excs",
        "filename": "zavod.md"
    },
    {
        "dirpath": "/uvod-do-programovani-2/json/excs",
        "filename": "kocky.md"
    },
    {
        "dirpath": "/uvod-do-programovani-2/json/excs",
        "filename": "jmena.md"
    },
    {
        "dirpath": "/uvod-do-programovani-2/json/excs",
        "filename": "seznam-lidi.md"
    },
    {
        "dirpath": "/uvod-do-programovani-2/json/excs",
        "filename": "svatky.md"
    },
    {
        "dirpath": "/uvod-do-programovani-2/json/excs/skolka",
        "filename": "exercise.md"
    },
    {
        "dirpath": "/uvod-do-programovani-2/json/excs/transformace-dat",
        "filename": "exercise.md"
    },
    {
        "dirpath": "/uvod-do-programovani-2/vlastni-funkce/excs",
        "filename": "ramecek.md"
    },
    {
        "dirpath": "/uvod-do-programovani-2/vlastni-funkce/excs",
        "filename": "prevody-jednotek.md"
    },
    {
        "dirpath": "/uvod-do-programovani-2/vlastni-funkce/excs",
        "filename": "hotel.md"
    },
    {
        "dirpath": "/uvod-do-programovani-2/vlastni-funkce/excs",
        "filename": "napravy.md"
    },
    {
        "dirpath": "/uvod-do-programovani-2/vlastni-funkce/excs",
        "filename": "zarovnani.md"
    },
    {
        "dirpath": "/uvod-do-programovani-2/vlastni-funkce/excs",
        "filename": "ruleta.md"
    },
    {
        "dirpath": "/uvod-do-programovani-2/vlastni-funkce/excs",
        "filename": "narozeni.md"
    },
    {
        "dirpath": "/uvod-do-programovani-2/vlastni-funkce/excs",
        "filename": "zprehazena-pismena.md"
    },
    {
        "dirpath": "/uvod-do-programovani-2/vlastni-funkce/excs",
        "filename": "nasobeni.md"
    },
    {
        "dirpath": "/uvod-do-programovani-2/slovniky/excs",
        "filename": "vecirek.md"
    },
    {
        "dirpath": "/uvod-do-programovani-2/slovniky/excs",
        "filename": "mnoziny.md"
    },
    {
        "dirpath": "/uvod-do-programovani-2/slovniky/excs",
        "filename": "detektivky.md"
    },
    {
        "dirpath": "/uvod-do-programovani-2/slovniky/excs",
        "filename": "spz.md"
    },
    {
        "dirpath": "/uvod-do-programovani-2/slovniky/excs",
        "filename": "tombola.md"
    },
    {
        "dirpath": "/uvod-do-programovani-2/slovniky/excs",
        "filename": "ctenar.md"
    },
    {
        "dirpath": "/uvod-do-programovani-2/slovniky/excs",
        "filename": "recepty.md"
    },
    {
        "dirpath": "/uvod-do-programovani-2/slovniky/excs",
        "filename": "vysvedceni-2.md"
    },
    {
        "dirpath": "/uvod-do-programovani-2/slicing-metody-moduly/excs",
        "filename": "stred-seznamu-2.md"
    },
    {
        "dirpath": "/uvod-do-programovani-2/slicing-metody-moduly/excs",
        "filename": "rozpeti.md"
    },
    {
        "dirpath": "/uvod-do-programovani-2/slicing-metody-moduly/excs",
        "filename": "znamky-z-pisemek.md"
    },
    {
        "dirpath": "/uvod-do-programovani-2/slicing-metody-moduly/excs",
        "filename": "zasedacka.md"
    },
    {
        "dirpath": "/uvod-do-programovani-2/slicing-metody-moduly/excs",
        "filename": "pohyby-na-uctu.md"
    },
    {
        "dirpath": "/uvod-do-programovani-2/slicing-metody-moduly/excs",
        "filename": "prijimacky.md"
    },
    {
        "dirpath": "/uvod-do-programovani-2/slicing-metody-moduly/excs",
        "filename": "zaokrouhlovani.md"
    },
    {
        "dirpath": "/uvod-do-programovani-2/slicing-metody-moduly/excs",
        "filename": "stred-seznamu.md"
    },
    {
        "dirpath": "/uvod-do-programovani-2/slicing-metody-moduly/excs",
        "filename": "prevod-pismen.md"
    },
    {
        "dirpath": "/uvod-do-programovani-2/slicing-metody-moduly/excs",
        "filename": "cisla-v-textu.md"
    },
    {
        "dirpath": "/uvod-do-programovani-2/slicing-metody-moduly/excs",
        "filename": "cisla-jako-text.md"
    },
    {
        "dirpath": "/uvod-do-programovani-2/slicing-metody-moduly/excs",
        "filename": "prumer.md"
    },
    {
        "dirpath": "/uvod-do-programovani-2/slicing-metody-moduly/excs",
        "filename": "modus.md"
    },
    {
        "dirpath": "/bonusy/cykly-2/excs",
        "filename": "slicing-seznamu.md"
    }
]